node_id,node_name,node_type,line_num,rtl_name,op_type,node_objs
0_33,entry,3,0,not_exist,not_exist,"['8', '9', '10', '11', '27', '28', '29', '30', '31', '32']"
0_42,loop_nodes,3,0,not_exist,not_exist,"['34', '36', '37', '38', '39', '40', '41']"
0_49,for.body4,3,0,not_exist,not_exist,"['43', '44', '45', '47', '48']"
0_58,for.body4.split,3,0,not_exist,not_exist,"['50', '52', '53', '54', '55', '56', '57']"
0_65,loop_neighbors,3,0,not_exist,not_exist,"['59', '60', '61', '62', '63', '64']"
0_71,for.body13.0.preheader,3,0,not_exist,not_exist,"['66', '67', '68', '69', '70']"
0_74,for.inc24,3,0,not_exist,not_exist,"['72', '73']"
0_79,for.end26,3,0,not_exist,not_exist,"['75', '76', '77', '78']"
0_83,arrayidx291.case.1,3,0,not_exist,not_exist,"['80', '81', '82']"
0_87,arrayidx291.case.0,3,0,not_exist,not_exist,"['84', '85', '86']"
0_92,arrayidx291.exit,3,0,not_exist,not_exist,"['88', '89', '90', '91']"
0_95,arrayidx291.exit.loop_nodes_crit_edge,3,0,not_exist,not_exist,"['93', '94']"
0_97,for.end35,3,0,not_exist,not_exist,['96']
1_22,newFuncRoot,3,0,not_exist,not_exist,"['10', '11', '15', '16', '17', '18', '19', '20', '21']"
1_27,for.body13.0,3,0,not_exist,not_exist,"['23', '24', '25', '26']"
1_43,for.body13.split.0,3,0,not_exist,not_exist,"['28', '29', '32', '33', '34', '35', '36', '37', '38', '39', '40', '41', '42']"
1_47,if.then18.0,3,0,not_exist,not_exist,"['44', '45', '46']"
1_54,for.inc.0,3,0,not_exist,not_exist,"['48', '49', '50', '51', '52', '53']"
1_66,for.body13.split.1,3,0,not_exist,not_exist,"['55', '56', '57', '58', '59', '60', '61', '62', '63', '64', '65']"
1_70,if.then18.1,3,0,not_exist,not_exist,"['67', '68', '69']"
1_76,for.inc.1,3,0,not_exist,not_exist,"['71', '72', '73', '74', '75']"
1_80,for.inc.0.for.inc24.loopexit_crit_edge.exitStub,3,0,not_exist,not_exist,"['77', '78', '79']"
1_83,for.body13.0.for.inc24.loopexit_crit_edge.exitStub,3,0,not_exist,not_exist,"['81', '82']"
1_86,UnifiedReturnBlock,3,0,not_exist,not_exist,"['84', '85']"
